TI,TC
A Short-Term Residential Load Forecasting Model Based on LSTM Recurrent Neural Network Considering Weather Features,0.0
Individualized Short-Term Electric Load Forecasting Using Data-Driven Meta-Heuristic Method Based on LSTM Network,0.0
A decomposition-based approximate entropy cooperation long short-term memory ensemble model for short-term load forecasting,0.0
Short-Term Load Forecasting Based on Deep Neural Networks Using LSTM Layer,0.0
A Similar Day Based Short Term Load Forecasting Method Using Wavelet Transform and LSTM,0.0
Integrating Long Short-Term Memory and Genetic Algorithm for Short-Term Load Forecasting,0.0
An attention-basedCNN-LSTM-BiLSTMmodel for short-term electric load forecasting in integrated energy system,0.0
Enhancing Short-Term Electric Load Forecasting for Households Using Quantile LSTM and Clustering-Based Probabilistic Approach,0.0
A hybrid power load forecasting model based on evolutionary strategy and long short term memory,0.0
Bi-directional long short-term memory method based on attention mechanism and rolling update for short-term load forecasting,0.0
Combining fuzzy clustering and improved long short-term memory neural networks for short-term load forecasting,0.0
An improved LSTM-Seq2Seq-based forecasting method for electricity load,0.0
Short-Term Load Forecasting Utilizing a Combination Model: A Brief Review,0.0
Power load forecasting based on long short term memory-singular spectrum analysis,0.0
Research on Load Forecasting Based on Bayesian Optimized CNN-LSTM Neural Network,0.0
Research on ultra-short-term load forecasting method of oil and gas field integrated energy system based on hybrid neural network,0.0
Adaptive Clustering Long Short-Term Memory Network for Short-Term Power Load Forecasting,0.0
Multi-Step Ahead Short-Term Load Forecasting Using Hybrid Feature Selection and Improved Long Short-Term Memory Network,0.0
Multifeature Short-Term Power Load Forecasting Based on GCN-LSTM,0.0
A Novel Hybrid Short-Term Load Forecasting Method of Smart Grid Using MLR and LSTM Neural Network,0.0
